page_id,parent_id,canonical
20189,7674,Felis
47053995,20189,Felis agrius
47053996,20189,Felis rutilus
47053997,20189,Felis pardinoides
328671,20189,Felis chaus
1298194,328671,Felis chaus kelaarti
1244042,328671,Felis chaus affinis
1270434,328671,Felis chaus prateri
1298195,328671,Felis chaus furax
1244040,328671,Felis chaus chaus
1244041,328671,Felis chaus fulvidina
1298191,328671,Felis chaus nilotica
1298192,328671,Felis chaus maimanah
1270435,328671,Felis chaus oxiana
1298193,328671,Felis chaus kutas
47053998,328671,Felis chaus valbalala
47053999,20189,Felis maxima
328665,20189,Felis manul
1270494,328665,Felis manul nigripecta
1244045,328665,Felis manul manul
1244046,328665,Felis manul ferruginea
47054000,20189,Felis hyaenoides
47054001,20189,Felis pardoides
47054002,20189,Felis guttata
47054003,20189,Felis crassidens
1053888,20189,Felis colocolo
47054004,20189,Felis wagati
1037781,20189,Felis catus
47054005,1037781,Felis catus ferus
47054006,1037781,Felis catus catus
47054007,1037781,Felis catus silvestris
4443813,20189,Felis youngi
47054008,20189,Felis palaeopardus
47054009,20189,Felis cafra
47054010,20189,Felis macrocelis
47054011,20189,Felis tulliana
4443825,20189,Felis rexroadensis
47054012,20189,Felis pardochrous
47054013,20189,Felis propampina
42400536,20189,Felis borealis
328664,20189,Felis bieti
47054014,328664,Felis bieti vellerosa
47054015,328664,Felis bieti bieti
47054016,20189,Felis villosa
47054017,20189,Felis lanea
47054018,20189,Felis propuma
44148313,20189,Felis veronis
47054019,20189,Felis prateri
4443800,20189,Felis domesticus
40335287,20189,Felis spelaea
328670,20189,Felis margarita
1270496,328670,Felis margarita margarita
1244047,328670,Felis margarita harrisoni
1244048,328670,Felis margarita thinobia
1270497,328670,Felis margarita airensis
1241475,328670,Felis margarita scheffeli
1244049,328670,Felis margarita meinertzhageni
47054020,20189,Felis hillanus
47054021,20189,Felis atrox
47054022,47054021,Felis atrox atrox
47054023,47054021,Felis atrox bebbi
47054024,20189,Felis neglecta
42400538,20189,Felis platensis
47054025,20189,Felis tartessia
47054026,20189,Felis servalina
47054027,47054026,Felis servalina poliotricha
47054028,47054026,Felis servalina servalina
328605,20189,Felis silvestris
1243780,328605,Felis silvestris chutuchta
47054029,328605,Felis silvestris euxina
1228524,328605,Felis silvestris gordoni
1243887,328605,Felis silvestris ugandae
47054030,328605,Felis silvestris tartessia
47054031,328605,Felis sylvestris trapezia
1243776,328605,Felis silvestris silvestris
1253260,328605,Felis silvestris lybica
1274041,328605,Felis silvestris tristrami
1275807,328605,Felis silvestris nesterovi
1273533,328605,Felis silvestris iraki
1276001,328605,Felis silvestris ocreata
1265921,328605,Felis silvestris vellerosa
1243779,328605,Felis silvestris caudata
1273531,328605,Felis silvestris haussa
1253261,328605,Felis silvestris mellandi
1243782,328605,Felis silvestris foxi
1273528,328605,Felis silvestris reyi
1243778,328605,Felis silvestris caucasica
1243781,328605,Felis silvestris cretensis
1253259,328605,Felis silvestris grampia
1265756,328605,Felis silvestris jordansi
1253262,328605,Felis silvestris ornata
1265755,328605,Felis silvestris griselda
1243777,328605,Felis silvestris cafra
1253263,328605,Felis silvestris rubida
47054032,20189,Felis nigripectus
47054033,20189,Felis jaguar
47054034,20189,Felis haussa
47054035,20189,Felis nepalensis
47054036,20189,Felis ingrami
47054037,20189,Felis pulchella
47054038,20189,Felis panthera
47054039,20189,Felis maculata
47054040,20189,Felis longicaudata
4443790,20189,Felis leo
47054041,4443790,Felis leo goojratensis
47054042,4443790,Felis leo leo
47054043,20189,Felis megabalica
47054044,20189,Felis grampia
47054045,20189,Felis poecilura
47054046,20189,Felis ornata
47054047,20189,Felis moormensis
47054048,20189,Felis javanensis
47054049,20189,Felis fearonii
47054050,20189,Felis fontanierii
47054051,20189,Felis gracilis
47054052,20189,Felis manchurica
47054053,20189,Felis tigris
47054054,20189,Felis pamiri
44203274,20189,Felis augustus
47054055,20189,Felis weidii
47054056,47054055,Felis weidii weidii
47054057,47054055,Felis weidii vigens
24187374,20189,Felis pumoides
44168786,20189,Felis lacustris
328666,20189,Felis nigripes
1270498,328666,Felis nigripes thomasi
1270495,328666,Felis nigripes nigripes
47054058,20189,Felis herschelii
47054059,20189,Felis proplatensis
47054060,20189,Felis affinis
47054061,47054060,Felis affinis affinis
47054062,47054060,Felis affinis fulvidina
47054063,20189,Felis nigra
31998076,20189,Felis obscura
47054064,20189,Felis ricketti
47054065,20189,Felis tenasserimensis
47054066,20189,Felis jubata
10580830,7674,Pontosmilus
24187600,10580830,Pontosmilus orientalis
4444396,7674,Pratifelis
4444397,4444396,Pratifelis martini
4444368,7674,Megantereon
4444377,4444368,Megantereon falconeri
24187579,4444368,Megantereon inexpectatus
4444373,4444368,Megantereon cultridens
4444375,4444368,Megantereon whitei
4444374,4444368,Megantereon megantereon
4444376,4444368,Megantereon nihowanensis
24187576,4444368,Megantereon gracilis
4444371,4444368,Megantereon eurynodon
34724,7674,Leptailurus
1041048,34724,Leptailurus serval
1271365,1041048,Leptailurus serval ferrarii
1240956,1041048,Leptailurus serval serval
1252893,1041048,Leptailurus serval brachyurus
1271354,1041048,Leptailurus serval kivuensis
1271351,1041048,Leptailurus serval togoensis
1253192,1041048,Leptailurus serval pococki
1252894,1041048,Leptailurus serval constantinus
1271364,1041048,Leptailurus serval hamiltoni
1253191,1041048,Leptailurus serval robertsi
1271355,1041048,Leptailurus serval mababiensis
1271356,1041048,Leptailurus serval pantastictus
1271363,1041048,Leptailurus serval hindei
1271357,1041048,Leptailurus serval lonnbergi
1271358,1041048,Leptailurus serval lipostictus
13839135,1041048,Leptailurus serval tanae
1252895,1041048,Leptailurus serval faradjius
1252892,1041048,Leptailurus serval beirae
1253186,1041048,Leptailurus serval kempi
1253190,1041048,Leptailurus serval phillipsi
47054067,34724,Leptailurus servalina
47054068,47054067,Leptailurus servalina servalina
47054069,47054067,Leptailurus servalina larseni
44137623,7674,Smilodontopsis mooreheadi
14320,7674,Leopardus
47054070,14320,Leopardus colocolo
1253241,47054070,Leopardus colocolo colocolo
1253240,47054070,Leopardus colocolo wolffsohni
45891866,47054070,Leopardus colocolo braccata
47054071,14320,Leopardus poliopardus
925987,14320,Leopardus pajeros
1269764,925987,Leopardus pajeros pajeros
1269762,925987,Leopardus pajeros garleppi
1269763,925987,Leopardus pajeros steinbachi
1243819,925987,Leopardus pajeros thomasi
1269765,925987,Leopardus pajeros budini
311661,14320,Leopardus tigrinus
1244015,311661,Leopardus tigrinus pardinoides
47054072,311661,Leopardus tigrinus capucinus
1244018,311661,Leopardus tigrinus tigrinus
1244017,311661,Leopardus tigrinus oncilla
47054073,14320,Leopardus chinensis
47054074,14320,Leopardus hernandesii
47054075,14320,Leopardus perniger
1053887,14320,Leopardus guigna
1252915,1053887,Leopardus guigna tigrillo
1252914,1053887,Leopardus guigna guigna
47054076,14320,Leopardus pardus
24187301,14320,Leopardus vorohuensis
1053886,14320,Leopardus jacobitus
47054077,14320,Leopardus ellioti
47054078,14320,Leopardus pictus
39386981,14320,Leopardus guttulus
47054079,14320,Leopardus japonensis
47054080,14320,Leopardus amnicola
925988,14320,Leopardus geoffroyi
1253053,925988,Leopardus geoffroyi paraguae
1252913,925988,Leopardus geoffroyi salinarum
1253054,925988,Leopardus geoffroyi leucobaptus
1253243,925988,Leopardus geoffroyi euxanthus
1253242,925988,Leopardus geoffroyi geoffroyi
1053889,14320,Leopardus braccatus
1253239,1053889,Leopardus braccatus munoai
1253238,1053889,Leopardus braccatus braccatus
313991,14320,Leopardus pardalis
1253187,313991,Leopardus pardalis aequatorialis
1241213,313991,Leopardus pardalis nelsoni
1253189,313991,Leopardus pardalis mitis
1271361,313991,Leopardus pardalis steinbachi
1271360,313991,Leopardus pardalis pusaeus
1271359,313991,Leopardus pardalis pseudopardalis
1264182,313991,Leopardus pardalis sonoriensis
47054081,313991,Leopardus pardalis meripensis
1253188,313991,Leopardus pardalis melanurus
1253184,313991,Leopardus pardalis pardalis
1285942,313991,Leopardus pardalis albescens
47054082,313991,Leopardus pardalis maripensis
311954,14320,Leopardus wiedii
1271366,311954,Leopardus wiedii vigens
1271368,311954,Leopardus wiedii glauculus
1253185,311954,Leopardus wiedii yucatanicus
1226062,311954,Leopardus wiedii pirrensis
1241214,311954,Leopardus wiedii cooperi
1241681,311954,Leopardus wiedii wiedii
1226061,311954,Leopardus wiedii nicaraguae
1241215,311954,Leopardus wiedii oaxacensis
1271369,311954,Leopardus wiedii boliviae
1271370,311954,Leopardus wiedii amazonicus
1271367,311954,Leopardus wiedii salvinius
42405,7674,Neofelis
328675,42405,Neofelis nebulosa
1271379,328675,Neofelis nebulosa brachyura
1271381,328675,Neofelis nebulosa nebulosa
1271377,328675,Neofelis nebulosa macrosceloides
7241720,42405,Neofelis diardi
4444402,7674,Pseudaelurus
47054083,4444402,Pseudaelurus edwardsi
4444411,4444402,Pseudaelurus romieviensis
13779974,4444402,Pseudaelurus skinneri
4444405,4444402,Pseudaelurus stouti
4444403,4444402,Pseudaelurus intrepidus
13779977,4444402,Pseudaelurus validus
47054084,4444402,Pseudaelurus pedionomus
4444406,4444402,Pseudaelurus aeluroides
4444404,4444402,Pseudaelurus marshi
4444408,4444402,Pseudaelurus lorteti
13779967,4444402,Pseudaelurus cuspidatus
4444407,4444402,Pseudaelurus quadridentatus
42400680,4444402,Pseudaelurus africanus
13779968,4444402,Pseudaelurus guangheensis
4444409,4444402,Pseudaelurus turnauensis
42407,7674,Acinonyx
4443696,42407,Acinonyx aicha
47054085,42407,Acinonyx guttatus
47054086,42407,Acinonyx raddei
47054087,42407,Acinonyx studeri
328680,42407,Acinonyx jubatus
1271378,328680,Acinonyx jubatus jubatus
1252905,328680,Acinonyx jubatus venaticus
1271375,328680,Acinonyx jubatus raineyi
1271376,328680,Acinonyx jubatus hecki
1271374,328680,Acinonyx jubatus soemmeringii
47054088,42407,Acinonyx hecki
47054089,42407,Acinonyx venator
4444456,7674,Archaelurus
4444345,7674,Machairodus
4444357,4444345,Machairodus irtyschensis
47054090,4444345,Machairodus neogaeus
4444353,4444345,Machairodus kurteni
47054091,4444345,Machairodus niobrarensis
42400646,4444345,Machairodus catocopis
42400650,4444345,Machairodus kabir
47054092,4444345,Machairodus necator
44219627,4444345,Machairodus hesperus
4444358,4444345,Machairodus ischimicus
39394,7674,Profelis
311555,39394,Profelis aurata
1253237,311555,Profelis aurata cottoni
1253236,311555,Profelis aurata aurata
18767,7674,Lynx
47054093,18767,Felis montana
347432,18767,Lynx pardinus
47054094,18767,Felis lybiensis
328603,18767,Lynx lynx
1252932,328603,Lynx lynx isabellinus
47054095,328603,Lynx lynx melinus
1243771,328603,Lynx lynx stroganovi
1252931,328603,Lynx lynx kozlovi
1227682,328603,Lynx lynx lynx
1252930,328603,Lynx lynx sardiniae
328604,18767,Lynx canadensis
1243773,328604,Lynx canadensis mollipilosus
1243772,328604,Lynx canadensis canadensis
1243775,328604,Lynx canadensis subsolanus
47054096,18767,Felis nubiensis
42400562,18767,Lynx texensis
4444095,18767,Lynx longignathus
42400561,18767,Lynx vulgaris
47054097,18767,Lynx pardella
4444094,18767,Lynx proterolyncis
328602,18767,Lynx rufus
1243876,328602,Lynx rufus peninsularis
1270402,328602,Lynx rufus baileyi
47054098,328602,Lynx rufus koakudsi
1250958,328602,Lynx rufus escuinapae
1227674,328602,Lynx rufus superiorensis
1243296,328602,Lynx rufus fasciatus
1274675,328602,Lynx rufus rufus
1228359,328602,Lynx rufus pallescens
1252903,328602,Lynx rufus floridanus
1265872,328602,Lynx rufus texensis
1270403,328602,Lynx rufus californicus
1252904,328602,Lynx rufus gigas
1244043,328602,Lynx rufus oaxacensis
47054099,18767,Felis vulgaris
35821,7674,Catopuma
311552,35821,Catopuma badia
311553,35821,Catopuma temminckii
1243286,311553,Catopuma temminckii tristis
1243287,311553,Catopuma temminckii dominicanorum
1243288,311553,Catopuma temminckii temminckii
4444387,7674,Nimravides
24187566,4444387,Nimravides pedionomus
4444389,4444387,Nimravides thinobates
24187567,4444387,Nimravides hibbardi
4444390,4444387,Nimravides galiani
47054100,7674,Ischyrosmilus
47054101,47054100,Ischyrosmilus johnstoni
47054102,47054100,Ischyrosmilus idahoensis
47054103,47054100,Ischyrosmilus osborni
4444398,7674,Proailurus
4444399,4444398,Proailurus lemanensis
34428,7674,Puma
1053885,34428,Puma yagouaroundi
1243813,1053885,Puma yagouaroundi tolteca
1243798,1053885,Puma yagouaroundi panamensis
1243814,1053885,Puma yagouaroundi fossata
1243817,1053885,Puma yagouaroundi ameghinoi
1243815,1053885,Puma yagouaroundi cacomitli
1243818,1053885,Puma yagouaroundi yagouaroundi
1252925,1053885,Puma yagouaroundi melantho
1243816,1053885,Puma yagouaroundi eyra
47054104,34428,Herpailurus yagouaroundi
36372097,34428,Puma yaguarondi
47054105,36372097,Puma yaguarondi yaguarondi
47054106,36372097,Puma yaguarondi panamensis
311910,34428,Puma concolor
1276463,311910,Puma concolor costaricensis
1244082,311910,Puma concolor cabrerae
1240079,311910,Puma concolor couguar
47054107,311910,Puma concolor discolor
1271362,311910,Puma concolor anthonyi
1268505,311910,Puma concolor concolor
1244081,311910,Puma concolor puma
24187617,7674,Sivapanthera
24187618,24187617,Sivapanthera arvernensis
4444319,7674,Adelphailurus
4444320,4444319,Adelphailurus kansensis
47054108,7674,Diamantofelis
47054109,47054108,Diamantofelis ferox
47054110,47054108,Diamantofelis minor
35822,7674,Caracal
47054111,35822,Caracal melanotis
312855,35822,Caracal caracal
1243289,312855,Caracal caracal schmitzi
1243292,312855,Caracal caracal lucani
1243294,312855,Caracal caracal damarensis
1243291,312855,Caracal caracal poecilotis
1243290,312855,Caracal caracal nubica
1243293,312855,Caracal caracal limpopoensis
47054112,312855,Caracal caracal caldwelli
1271353,312855,Caracal caracal caracal
47054113,312855,Caracal caracal coloniae
1243295,312855,Caracal caracal algira
4443389,7674,Smilodon
4443396,4443389,Smilodon gracilis
46324121,4443389,Smilodon californicus
47054114,4443389,Smilodon floridanus
4443395,4443389,Smilodon fatalis
47054115,4443389,Smilodon crucians
47054116,4443389,Smilodon riggii
4443397,4443389,Smilodon populator
24210999,7674,Amphimachairodus
42400657,24210999,Amphimachairodus coloradensis
37633877,24210999,Amphimachairodus giganteus
27870,7674,Prionailurus
312856,27870,Prionailurus rubiginosus
1271352,312856,Prionailurus rubiginosus phillipsi
1253193,312856,Prionailurus rubiginosus rubiginosus
1041047,27870,Prionailurus bengalensis
1230253,1041047,Prionailurus bengalensis bengalensis
1244075,1041047,Prionailurus bengalensis alleni
1244074,1041047,Prionailurus bengalensis javanensis
1244077,1041047,Prionailurus bengalensis euptilurus
1244073,1041047,Prionailurus bengalensis rabori
1244076,1041047,Prionailurus bengalensis chinensis
1244071,1041047,Prionailurus bengalensis trevelyani
1244072,1041047,Prionailurus bengalensis sumatranus
1244078,1041047,Prionailurus bengalensis heaneyi
1244079,1041047,Prionailurus bengalensis horsfieldii
1244080,1041047,Prionailurus bengalensis borneoensis
1053884,27870,Prionailurus iriomotensis
1037335,27870,Prionailurus viverrinus
311659,27870,Prionailurus planiceps
14134,7674,Panthera
47054117,14134,Panthera variegata
39034686,14134,Panthera blytheae
47054118,14134,Panthera hanensis
328674,14134,Panthera tigris
1271371,328674,Panthera tigris amoyensis
1271385,328674,Panthera tigris balica
1271382,328674,Panthera tigris virgata
1240403,328674,Panthera tigris tigris
1253183,328674,Panthera tigris altaica
1271372,328674,Panthera tigris corbetti
1271383,328674,Panthera tigris sumatrae
47054119,328674,Panthera tigris styani
1271384,328674,Panthera tigris sondaica
328673,14134,Panthera pardus
47054120,328673,Panthera pardus adersi
47054121,328673,Panthera pardus bedfordi
1271388,328673,Panthera pardus nimr
1253182,328673,Panthera pardus orientalis
47054122,328673,Panthera pardus adusta
4444059,328673,Panthera pardus saxicolor
47054123,328673,Panthera pardus jarvisi
1270485,328673,Panthera pardus delacouri
47054124,328673,Panthera pardus millardi
47054125,328673,Panthera pardus sindica
1271387,328673,Panthera pardus melas
1253181,328673,Panthera pardus kotiya
47054126,328673,Panthera pardus brockmani
1253180,328673,Panthera pardus japonensis
47054127,328673,Panthera pardus iturensis
47054128,328673,Panthera pardus shortridgei
1270484,328673,Panthera pardus pardus
1270486,328673,Panthera pardus fusca
37633915,14134,Panthera zdanskyi
47054129,14134,Panthera nimr
328672,14134,Panthera leo
1273814,328672,Panthera leo leo
1270491,328672,Panthera leo nubica
10580371,328672,Panthera leo sinhaleyus
1270436,328672,Panthera leo azandica
1270490,328672,Panthera leo melanochaita
1270492,328672,Panthera leo krugeri
1225995,328672,Panthera leo persica
1270487,328672,Panthera leo senegalensis
1270493,328672,Panthera leo bleyenberghi
328606,14134,Panthera onca
1243886,328606,Panthera onca arizonensis
1243884,328606,Panthera onca hernandesii
1227681,328606,Panthera onca onca
1268001,328606,Panthera onca palustris
1243883,328606,Panthera onca peruviana
1243885,328606,Panthera onca goldmani
28538246,328606,Panthera onca veraecrucis
1265748,328606,Panthera onca centralis
1243882,328606,Panthera onca paraguensis
4444024,14134,Panthera gombaszoegensis
47054130,14134,Panthera antiquorum
4444442,7674,Dinofelis
4444444,4444442,Dinofelis palaeoonca
13613906,4444442,Dinofelis abeli
10569785,7674,Xenosmilus
13665466,10569785,Xenosmilus hodsonae
42406,7674,Uncia
47054131,42406,Uncia spelea
328676,42406,Uncia uncia
47054132,42406,Uncia mercerii
4444328,7674,Homotherium
42400664,4444328,Homotherium venezuelensis
4443391,4444328,Homotherium crusafonti
4444339,4444328,Homotherium serum
47054133,4444328,Dinobastis ischyrus
4443392,4444328,Homotherium johnstoni
35953,7674,Pardofelis
311554,35953,Pardofelis marmorata
1244014,311554,Pardofelis marmorata marmorata
1253235,311554,Pardofelis marmorata charltonii
